{
  "marketing_stripe": {
    "text": "Um novo site pra você curtir as melhores ofertas!",
    "link": "",
    "color": "#ffffff",
    "background": "#000000"
  },
  "contacts_stripe": {
    "pages": [],
    "phone_wpp": false,
    "socials": false
  },
  "categories_list": {
    "featured": [
      "/produtos?Produtos",
      "/kits-refit?Kits Refit",
      "/hidratacao?Hidratação",
      "/nutricao?Nutrição",
      "/reconstrucao?Reconstrução"
    ],
    "random": 0,
    "full_width": false
  },
  "search_input": true
}