{
  "meta_title": "Refit Hair",
  "meta_description": "Renovando a beleza que há em você!",
  "sections": [
    {
      "type": "banner-slider",
      "autoplay": 10000,
      "slides": [
        {
          "start": "",
          "end": "",
          "img": "/img/uploads/capa-do-facebook2.png",
          "mobile_img": "/img/uploads/feed.png"
        },
        {
          "start": "",
          "end": "",
          "img": "/img/uploads/bannerrf3.png",
          "mobile_img": "/img/uploads/bannerrf3mobile.png"
        }
      ]
    },
    {
      "type": "banners-grid",
      "banners": [
        {
          "img": "/img/uploads/bannerrpd.png",
          "link": "https://refithair.com.br/reparador-de-pontas-teste",
          "alt": "Reparador de Pontas Refit Hair"
        },
        {
          "img": "/img/uploads/bannerkt.png",
          "link": "https://refithair.com.br/kits-refit",
          "alt": "Kits Refit Hair"
        },
        {
          "img": "/img/uploads/bannerbto.png",
          "link": "https://refithair.com.br/botoxcapilar",
          "alt": "Botox SOS 3D sem Formol"
        }
      ]
    },
    {
      "type": "collection-shelf",
      "shuffle": false,
      "collection_id": null,
      "limit": 8,
      "page": 1,
      "sort": "news",
      "title": "Últimos Lançamentos ❤",
      "headless": false
    }
  ]
}